--
-- PostgreSQL database dump
--

\restrict EcWjrnOMoe3Tt5sr2FAJLhpFaPMIkRIdKXJApSCLXXNG4aebTb8Y1h3WuvLZCST

-- Dumped from database version 16.2
-- Dumped by pg_dump version 16.10 (Homebrew)

SET statement_timeout = 0;
SET lock_timeout = 0;
SET idle_in_transaction_session_timeout = 0;
SET client_encoding = 'UTF8';
SET standard_conforming_strings = on;
SELECT pg_catalog.set_config('search_path', '', false);
SET check_function_bodies = false;
SET xmloption = content;
SET client_min_messages = warning;
SET row_security = off;

SET default_tablespace = '';

SET default_table_access_method = heap;

--
-- Name: auth_group; Type: TABLE; Schema: public; Owner: admin
--

CREATE TABLE public.auth_group (
    id integer NOT NULL,
    name character varying(150) NOT NULL
);


ALTER TABLE public.auth_group OWNER TO admin;

--
-- Name: auth_group_id_seq; Type: SEQUENCE; Schema: public; Owner: admin
--

ALTER TABLE public.auth_group ALTER COLUMN id ADD GENERATED BY DEFAULT AS IDENTITY (
    SEQUENCE NAME public.auth_group_id_seq
    START WITH 1
    INCREMENT BY 1
    NO MINVALUE
    NO MAXVALUE
    CACHE 1
);


--
-- Name: auth_group_permissions; Type: TABLE; Schema: public; Owner: admin
--

CREATE TABLE public.auth_group_permissions (
    id bigint NOT NULL,
    group_id integer NOT NULL,
    permission_id integer NOT NULL
);


ALTER TABLE public.auth_group_permissions OWNER TO admin;

--
-- Name: auth_group_permissions_id_seq; Type: SEQUENCE; Schema: public; Owner: admin
--

ALTER TABLE public.auth_group_permissions ALTER COLUMN id ADD GENERATED BY DEFAULT AS IDENTITY (
    SEQUENCE NAME public.auth_group_permissions_id_seq
    START WITH 1
    INCREMENT BY 1
    NO MINVALUE
    NO MAXVALUE
    CACHE 1
);


--
-- Name: auth_permission; Type: TABLE; Schema: public; Owner: admin
--

CREATE TABLE public.auth_permission (
    id integer NOT NULL,
    name character varying(255) NOT NULL,
    content_type_id integer NOT NULL,
    codename character varying(100) NOT NULL
);


ALTER TABLE public.auth_permission OWNER TO admin;

--
-- Name: auth_permission_id_seq; Type: SEQUENCE; Schema: public; Owner: admin
--

ALTER TABLE public.auth_permission ALTER COLUMN id ADD GENERATED BY DEFAULT AS IDENTITY (
    SEQUENCE NAME public.auth_permission_id_seq
    START WITH 1
    INCREMENT BY 1
    NO MINVALUE
    NO MAXVALUE
    CACHE 1
);


--
-- Name: auth_user; Type: TABLE; Schema: public; Owner: admin
--

CREATE TABLE public.auth_user (
    id integer NOT NULL,
    password character varying(128) NOT NULL,
    last_login timestamp with time zone,
    is_superuser boolean NOT NULL,
    username character varying(150) NOT NULL,
    first_name character varying(150) NOT NULL,
    last_name character varying(150) NOT NULL,
    email character varying(254) NOT NULL,
    is_staff boolean NOT NULL,
    is_active boolean NOT NULL,
    date_joined timestamp with time zone NOT NULL
);


ALTER TABLE public.auth_user OWNER TO admin;

--
-- Name: auth_user_groups; Type: TABLE; Schema: public; Owner: admin
--

CREATE TABLE public.auth_user_groups (
    id bigint NOT NULL,
    user_id integer NOT NULL,
    group_id integer NOT NULL
);


ALTER TABLE public.auth_user_groups OWNER TO admin;

--
-- Name: auth_user_groups_id_seq; Type: SEQUENCE; Schema: public; Owner: admin
--

ALTER TABLE public.auth_user_groups ALTER COLUMN id ADD GENERATED BY DEFAULT AS IDENTITY (
    SEQUENCE NAME public.auth_user_groups_id_seq
    START WITH 1
    INCREMENT BY 1
    NO MINVALUE
    NO MAXVALUE
    CACHE 1
);


--
-- Name: auth_user_id_seq; Type: SEQUENCE; Schema: public; Owner: admin
--

ALTER TABLE public.auth_user ALTER COLUMN id ADD GENERATED BY DEFAULT AS IDENTITY (
    SEQUENCE NAME public.auth_user_id_seq
    START WITH 1
    INCREMENT BY 1
    NO MINVALUE
    NO MAXVALUE
    CACHE 1
);


--
-- Name: auth_user_user_permissions; Type: TABLE; Schema: public; Owner: admin
--

CREATE TABLE public.auth_user_user_permissions (
    id bigint NOT NULL,
    user_id integer NOT NULL,
    permission_id integer NOT NULL
);


ALTER TABLE public.auth_user_user_permissions OWNER TO admin;

--
-- Name: auth_user_user_permissions_id_seq; Type: SEQUENCE; Schema: public; Owner: admin
--

ALTER TABLE public.auth_user_user_permissions ALTER COLUMN id ADD GENERATED BY DEFAULT AS IDENTITY (
    SEQUENCE NAME public.auth_user_user_permissions_id_seq
    START WITH 1
    INCREMENT BY 1
    NO MINVALUE
    NO MAXVALUE
    CACHE 1
);


--
-- Name: cart_category; Type: TABLE; Schema: public; Owner: admin
--

CREATE TABLE public.cart_category (
    id bigint NOT NULL,
    name character varying(100) NOT NULL,
    slug character varying(100) NOT NULL
);


ALTER TABLE public.cart_category OWNER TO admin;

--
-- Name: cart_category_id_seq; Type: SEQUENCE; Schema: public; Owner: admin
--

ALTER TABLE public.cart_category ALTER COLUMN id ADD GENERATED BY DEFAULT AS IDENTITY (
    SEQUENCE NAME public.cart_category_id_seq
    START WITH 1
    INCREMENT BY 1
    NO MINVALUE
    NO MAXVALUE
    CACHE 1
);


--
-- Name: cart_product; Type: TABLE; Schema: public; Owner: admin
--

CREATE TABLE public.cart_product (
    id bigint NOT NULL,
    name character varying(200) NOT NULL,
    slug character varying(200) NOT NULL,
    description text NOT NULL,
    price numeric(10,2) NOT NULL,
    image character varying(100) NOT NULL,
    available boolean NOT NULL,
    created timestamp with time zone NOT NULL,
    updated timestamp with time zone NOT NULL,
    category_id bigint NOT NULL
);


ALTER TABLE public.cart_product OWNER TO admin;

--
-- Name: cart_product_id_seq; Type: SEQUENCE; Schema: public; Owner: admin
--

ALTER TABLE public.cart_product ALTER COLUMN id ADD GENERATED BY DEFAULT AS IDENTITY (
    SEQUENCE NAME public.cart_product_id_seq
    START WITH 1
    INCREMENT BY 1
    NO MINVALUE
    NO MAXVALUE
    CACHE 1
);


--
-- Name: django_admin_log; Type: TABLE; Schema: public; Owner: admin
--

CREATE TABLE public.django_admin_log (
    id integer NOT NULL,
    action_time timestamp with time zone NOT NULL,
    object_id text,
    object_repr character varying(200) NOT NULL,
    action_flag smallint NOT NULL,
    change_message text NOT NULL,
    content_type_id integer,
    user_id integer NOT NULL,
    CONSTRAINT django_admin_log_action_flag_check CHECK ((action_flag >= 0))
);


ALTER TABLE public.django_admin_log OWNER TO admin;

--
-- Name: django_admin_log_id_seq; Type: SEQUENCE; Schema: public; Owner: admin
--

ALTER TABLE public.django_admin_log ALTER COLUMN id ADD GENERATED BY DEFAULT AS IDENTITY (
    SEQUENCE NAME public.django_admin_log_id_seq
    START WITH 1
    INCREMENT BY 1
    NO MINVALUE
    NO MAXVALUE
    CACHE 1
);


--
-- Name: django_content_type; Type: TABLE; Schema: public; Owner: admin
--

CREATE TABLE public.django_content_type (
    id integer NOT NULL,
    app_label character varying(100) NOT NULL,
    model character varying(100) NOT NULL
);


ALTER TABLE public.django_content_type OWNER TO admin;

--
-- Name: django_content_type_id_seq; Type: SEQUENCE; Schema: public; Owner: admin
--

ALTER TABLE public.django_content_type ALTER COLUMN id ADD GENERATED BY DEFAULT AS IDENTITY (
    SEQUENCE NAME public.django_content_type_id_seq
    START WITH 1
    INCREMENT BY 1
    NO MINVALUE
    NO MAXVALUE
    CACHE 1
);


--
-- Name: django_migrations; Type: TABLE; Schema: public; Owner: admin
--

CREATE TABLE public.django_migrations (
    id bigint NOT NULL,
    app character varying(255) NOT NULL,
    name character varying(255) NOT NULL,
    applied timestamp with time zone NOT NULL
);


ALTER TABLE public.django_migrations OWNER TO admin;

--
-- Name: django_migrations_id_seq; Type: SEQUENCE; Schema: public; Owner: admin
--

ALTER TABLE public.django_migrations ALTER COLUMN id ADD GENERATED BY DEFAULT AS IDENTITY (
    SEQUENCE NAME public.django_migrations_id_seq
    START WITH 1
    INCREMENT BY 1
    NO MINVALUE
    NO MAXVALUE
    CACHE 1
);


--
-- Name: django_session; Type: TABLE; Schema: public; Owner: admin
--

CREATE TABLE public.django_session (
    session_key character varying(40) NOT NULL,
    session_data text NOT NULL,
    expire_date timestamp with time zone NOT NULL
);


ALTER TABLE public.django_session OWNER TO admin;

--
-- Data for Name: auth_group; Type: TABLE DATA; Schema: public; Owner: admin
--

COPY public.auth_group (id, name) FROM stdin;
\.


--
-- Data for Name: auth_group_permissions; Type: TABLE DATA; Schema: public; Owner: admin
--

COPY public.auth_group_permissions (id, group_id, permission_id) FROM stdin;
\.


--
-- Data for Name: auth_permission; Type: TABLE DATA; Schema: public; Owner: admin
--

COPY public.auth_permission (id, name, content_type_id, codename) FROM stdin;
1	Can add log entry	1	add_logentry
2	Can change log entry	1	change_logentry
3	Can delete log entry	1	delete_logentry
4	Can view log entry	1	view_logentry
5	Can add permission	2	add_permission
6	Can change permission	2	change_permission
7	Can delete permission	2	delete_permission
8	Can view permission	2	view_permission
9	Can add group	3	add_group
10	Can change group	3	change_group
11	Can delete group	3	delete_group
12	Can view group	3	view_group
13	Can add user	4	add_user
14	Can change user	4	change_user
15	Can delete user	4	delete_user
16	Can view user	4	view_user
17	Can add content type	5	add_contenttype
18	Can change content type	5	change_contenttype
19	Can delete content type	5	delete_contenttype
20	Can view content type	5	view_contenttype
21	Can add session	6	add_session
22	Can change session	6	change_session
23	Can delete session	6	delete_session
24	Can view session	6	view_session
25	Can add product	7	add_product
26	Can change product	7	change_product
27	Can delete product	7	delete_product
28	Can view product	7	view_product
29	Can add category	8	add_category
30	Can change category	8	change_category
31	Can delete category	8	delete_category
32	Can view category	8	view_category
\.


--
-- Data for Name: auth_user; Type: TABLE DATA; Schema: public; Owner: admin
--

COPY public.auth_user (id, password, last_login, is_superuser, username, first_name, last_name, email, is_staff, is_active, date_joined) FROM stdin;
1	pbkdf2_sha256$600000$c4v4lURHqIaUImtgEM4NsV$sPsCGwIMOT4DkZlCYkVch4Vkb3Y7IdBYqO0X6l5lOrA=	2025-10-13 18:19:41.231537+03	t	admin			admin@gmail.com	t	t	2025-10-13 18:19:23.540292+03
\.


--
-- Data for Name: auth_user_groups; Type: TABLE DATA; Schema: public; Owner: admin
--

COPY public.auth_user_groups (id, user_id, group_id) FROM stdin;
\.


--
-- Data for Name: auth_user_user_permissions; Type: TABLE DATA; Schema: public; Owner: admin
--

COPY public.auth_user_user_permissions (id, user_id, permission_id) FROM stdin;
\.


--
-- Data for Name: cart_category; Type: TABLE DATA; Schema: public; Owner: admin
--

COPY public.cart_category (id, name, slug) FROM stdin;
4	Овочі	veg
5	Напої	drinks
3	Фрукти	fruits
\.


--
-- Data for Name: cart_product; Type: TABLE DATA; Schema: public; Owner: admin
--

COPY public.cart_product (id, name, slug, description, price, image, available, created, updated, category_id) FROM stdin;
7	Банан	banana	Стиглий банан, ідеальний для перекусу.	99.00	products/banana.webp	t	2025-10-13 20:58:53.135851+03	2025-10-13 20:58:53.135861+03	3
8	Помідор	tomato	Солонувато-солодкі маленькі помідори для салатів та закусок.	30.00	products/tomato.jpeg	t	2025-10-13 21:07:42.775226+03	2025-10-13 21:07:42.775236+03	4
9	Огірок тепличний	cucumber	Свіжий огірок для салатів та закусок, ароматний та хрусткий.	41.00	products/cucum.jpeg	t	2025-10-13 21:08:33.790805+03	2025-10-13 21:08:33.790826+03	4
10	Перець болгарський	pepper	Яскравий перець, смачний в салатах або фарширований.	150.00	products/peper.jpeg	f	2025-10-13 21:09:27.92035+03	2025-10-13 21:09:27.920359+03	4
11	Капуста білокачанна	kap	Свіжа капуста для квашення, супів та салатів.	55.00	products/купа.jpeg	f	2025-10-13 21:16:29.678721+03	2025-10-13 21:16:29.67873+03	4
12	Апельсин соковитий	orange	Цитрус для вітамінного соку або десерту, солодко-кислий.	199.00	products/orange.jpeg	t	2025-10-13 21:17:37.373259+03	2025-10-13 21:17:37.373273+03	3
13	Груша спіла	pear	Соковита груша для салатів, випічки та перекусу.	60.00	products/pear.jpeg	t	2025-10-13 21:18:26.415635+03	2025-10-13 21:18:26.415649+03	3
14	Виноград червоний	vinograd	Солодкі ягоди для перекусів, десертів та компотів.	167.00	products/віни.jpeg	t	2025-10-13 21:19:25.803824+03	2025-10-13 21:19:25.803846+03	3
15	Яблучний сік	apple_juice	Натуральний сік із стиглих яблук, освіжаючий та солодкий.	99.00	products/juice.jpeg	t	2025-10-13 21:23:30.033607+03	2025-10-13 21:23:30.033623+03	5
16	Апельсиновий сік	orange_juice	Вітамінний сік для бадьорого старту дня.	129.00	products/oranges.jpeg	f	2025-10-13 21:24:18.722479+03	2025-10-13 21:24:18.72249+03	5
17	Морковний смузі	carrot_juice	Корисний напій з моркви для енергії та здоров’я.	89.00	products/carrot.jpeg	t	2025-10-13 21:25:20.452864+03	2025-10-13 21:25:20.452873+03	5
18	Чай зелений	tea_green	Ароматний та свіжий чай для бадьорості та розслаблення.	59.00	products/tea.jpeg	f	2025-10-13 21:26:21.70249+03	2025-10-13 21:26:21.702507+03	5
19	Мінеральна вода	water	Освіжаюча вода з природним мінеральним складом.	39.00	products/water.jpeg	t	2025-10-13 21:33:35.42515+03	2025-10-13 21:33:35.425176+03	5
\.


--
-- Data for Name: django_admin_log; Type: TABLE DATA; Schema: public; Owner: admin
--

COPY public.django_admin_log (id, action_time, object_id, object_repr, action_flag, change_message, content_type_id, user_id) FROM stdin;
1	2025-10-13 18:21:00.971677+03	1	food	1	[{"added": {}}]	8	1
2	2025-10-13 18:21:08.277835+03	2	tools	1	[{"added": {}}]	8	1
3	2025-10-13 18:21:54.410928+03	1	test_product_1	1	[{"added": {}}]	7	1
4	2025-10-13 18:22:50.510262+03	2	mouse	1	[{"added": {}}]	7	1
5	2025-10-13 18:23:06.679781+03	3	burger	1	[{"added": {}}]	7	1
6	2025-10-13 19:36:40.966259+03	4	cheeseburger	1	[{"added": {}}]	7	1
7	2025-10-13 19:48:18.821119+03	5	phone	1	[{"added": {}}]	7	1
8	2025-10-13 20:56:05.933854+03	6	apple	1	[{"added": {}}]	7	1
9	2025-10-13 20:57:33.173027+03	3	Fruits	1	[{"added": {}}]	8	1
10	2025-10-13 20:58:53.137182+03	7	Банан	1	[{"added": {}}]	7	1
11	2025-10-13 20:59:21.458974+03	3	burger	3		7	1
12	2025-10-13 20:59:25.459545+03	4	cheeseburger	3		7	1
13	2025-10-13 20:59:29.186576+03	2	mouse	3		7	1
14	2025-10-13 20:59:32.402996+03	5	phone	3		7	1
15	2025-10-13 20:59:35.059348+03	1	test_product_1	3		7	1
16	2025-10-13 21:05:01.887439+03	4	Овочі	1	[{"added": {}}]	8	1
17	2025-10-13 21:05:05.789498+03	2	tools	3		8	1
18	2025-10-13 21:05:08.235396+03	1	food	3		8	1
19	2025-10-13 21:05:28.757722+03	5	Напої	1	[{"added": {}}]	8	1
20	2025-10-13 21:05:36.690739+03	3	Фрукти	2	[{"changed": {"fields": ["Name"]}}]	8	1
21	2025-10-13 21:07:42.776696+03	8	Помідор	1	[{"added": {}}]	7	1
22	2025-10-13 21:08:33.792384+03	9	Огірок тепличний	1	[{"added": {}}]	7	1
23	2025-10-13 21:09:27.921221+03	10	Перець болгарський	1	[{"added": {}}]	7	1
24	2025-10-13 21:16:29.685815+03	11	Капуста білокачанна	1	[{"added": {}}]	7	1
25	2025-10-13 21:17:37.37448+03	12	Апельсин соковитий	1	[{"added": {}}]	7	1
26	2025-10-13 21:18:26.416601+03	13	Груша спіла	1	[{"added": {}}]	7	1
27	2025-10-13 21:19:25.805254+03	14	Виноград червоний	1	[{"added": {}}]	7	1
28	2025-10-13 21:23:30.034607+03	15	Яблучний сік	1	[{"added": {}}]	7	1
29	2025-10-13 21:24:18.723875+03	16	Апельсиновий сік	1	[{"added": {}}]	7	1
30	2025-10-13 21:25:20.453842+03	17	Морковний смузі	1	[{"added": {}}]	7	1
31	2025-10-13 21:26:21.70341+03	18	Чай зелений	1	[{"added": {}}]	7	1
32	2025-10-13 21:33:35.426655+03	19	Мінеральна вода	1	[{"added": {}}]	7	1
\.


--
-- Data for Name: django_content_type; Type: TABLE DATA; Schema: public; Owner: admin
--

COPY public.django_content_type (id, app_label, model) FROM stdin;
1	admin	logentry
2	auth	permission
3	auth	group
4	auth	user
5	contenttypes	contenttype
6	sessions	session
7	cart	product
8	cart	category
\.


--
-- Data for Name: django_migrations; Type: TABLE DATA; Schema: public; Owner: admin
--

COPY public.django_migrations (id, app, name, applied) FROM stdin;
1	contenttypes	0001_initial	2025-10-13 17:58:49.836479+03
2	auth	0001_initial	2025-10-13 17:58:49.897592+03
3	admin	0001_initial	2025-10-13 17:58:49.911772+03
4	admin	0002_logentry_remove_auto_add	2025-10-13 17:58:49.916975+03
5	admin	0003_logentry_add_action_flag_choices	2025-10-13 17:58:49.922115+03
6	contenttypes	0002_remove_content_type_name	2025-10-13 17:58:49.93233+03
7	auth	0002_alter_permission_name_max_length	2025-10-13 17:58:49.952651+03
8	auth	0003_alter_user_email_max_length	2025-10-13 17:58:49.959598+03
9	auth	0004_alter_user_username_opts	2025-10-13 17:58:49.967813+03
10	auth	0005_alter_user_last_login_null	2025-10-13 17:58:49.974003+03
11	auth	0006_require_contenttypes_0002	2025-10-13 17:58:49.976014+03
12	auth	0007_alter_validators_add_error_messages	2025-10-13 17:58:49.982152+03
13	auth	0008_alter_user_username_max_length	2025-10-13 17:58:50.058937+03
14	auth	0009_alter_user_last_name_max_length	2025-10-13 17:58:50.086506+03
15	auth	0010_alter_group_name_max_length	2025-10-13 17:58:50.093996+03
16	auth	0011_update_proxy_permissions	2025-10-13 17:58:50.098646+03
17	auth	0012_alter_user_first_name_max_length	2025-10-13 17:58:50.104296+03
18	sessions	0001_initial	2025-10-13 17:58:50.137629+03
19	cart	0001_initial	2025-10-13 18:08:38.058953+03
\.


--
-- Data for Name: django_session; Type: TABLE DATA; Schema: public; Owner: admin
--

COPY public.django_session (session_key, session_data, expire_date) FROM stdin;
rt98snyvzgm2e98npd43lbdro7izkjst	eyJjYXJ0Ijp7fX0:1v8m7w:lX_4b7mIKw_cBNtofd5Ek-XZ9Cv56Tc4zGJwnAc_eUc	2025-10-28 23:00:12.176877+02
av2but4zlaq0bp3vqop3qb93yaq8023i	eyJjYXJ0Ijp7IjE3Ijp7InF1YW50aXR5IjoxLCJwcmljZSI6Ijg5LjAwIn19fQ:1v8g8S:kKc_aiyzjU1RIlVxIoxf2VzIXZsweX6d7F7_v2Gt6wo	2025-10-28 16:36:20.243482+02
9i3dw2b4cuwly2knub67i174z5hr7wll	.eJxVzT0OgzAMBeC7eEZRbEIgjN17BuT8UNJW0EIYKsTdCxJSy-LB7_PzAg3PqWvmKYxN9FADQva_s-weod8Df-f-Ngg39GmMVuxEHOkkroMPz8thTwUdT912zYYKrFprrdY5kzLkpAxSEZZ5S6Vh5qpV3rDKES0V2hMa0tJqU1FQeit1PCaoFyj38Z65TzF9oMYMXmN0YXtijJAS1gyQzkb_DB5oXb_p605k:1v8lKL:sNXtNG-2YVLtiwo0h70xn-rW-re8VbWD5XrZS2e9eNY	2025-10-28 22:08:57.556467+02
b88bl9s9hymuwily1v7evfdjqf6ar9tq	eyJjYXJ0Ijp7IjEyIjp7InF1YW50aXR5Ijo0LCJwcmljZSI6IjE5OS4wMCJ9fX0:1v8lXA:nZmEG2WvN8BXSXPoDxv-2dU3S5-8mb16ZwcfIip3yu4	2025-10-28 22:22:12.399082+02
gnuyj0b80pkxjeqeksmjcl6wvlinmb50	eyJjYXJ0Ijp7IjciOnsicXVhbnRpdHkiOjEwLCJwcmljZSI6Ijk5LjAwIn19fQ:1v8lhr:oy_JuT_GFxhTGDG-XdtIqkTnJ5BhlecxPK59CQopmGc	2025-10-28 22:33:15.279451+02
\.


--
-- Name: auth_group_id_seq; Type: SEQUENCE SET; Schema: public; Owner: admin
--

SELECT pg_catalog.setval('public.auth_group_id_seq', 1, false);


--
-- Name: auth_group_permissions_id_seq; Type: SEQUENCE SET; Schema: public; Owner: admin
--

SELECT pg_catalog.setval('public.auth_group_permissions_id_seq', 1, false);


--
-- Name: auth_permission_id_seq; Type: SEQUENCE SET; Schema: public; Owner: admin
--

SELECT pg_catalog.setval('public.auth_permission_id_seq', 32, true);


--
-- Name: auth_user_groups_id_seq; Type: SEQUENCE SET; Schema: public; Owner: admin
--

SELECT pg_catalog.setval('public.auth_user_groups_id_seq', 1, false);


--
-- Name: auth_user_id_seq; Type: SEQUENCE SET; Schema: public; Owner: admin
--

SELECT pg_catalog.setval('public.auth_user_id_seq', 1, true);


--
-- Name: auth_user_user_permissions_id_seq; Type: SEQUENCE SET; Schema: public; Owner: admin
--

SELECT pg_catalog.setval('public.auth_user_user_permissions_id_seq', 1, false);


--
-- Name: cart_category_id_seq; Type: SEQUENCE SET; Schema: public; Owner: admin
--

SELECT pg_catalog.setval('public.cart_category_id_seq', 5, true);


--
-- Name: cart_product_id_seq; Type: SEQUENCE SET; Schema: public; Owner: admin
--

SELECT pg_catalog.setval('public.cart_product_id_seq', 19, true);


--
-- Name: django_admin_log_id_seq; Type: SEQUENCE SET; Schema: public; Owner: admin
--

SELECT pg_catalog.setval('public.django_admin_log_id_seq', 32, true);


--
-- Name: django_content_type_id_seq; Type: SEQUENCE SET; Schema: public; Owner: admin
--

SELECT pg_catalog.setval('public.django_content_type_id_seq', 8, true);


--
-- Name: django_migrations_id_seq; Type: SEQUENCE SET; Schema: public; Owner: admin
--

SELECT pg_catalog.setval('public.django_migrations_id_seq', 19, true);


--
-- Name: auth_group auth_group_name_key; Type: CONSTRAINT; Schema: public; Owner: admin
--

ALTER TABLE ONLY public.auth_group
    ADD CONSTRAINT auth_group_name_key UNIQUE (name);


--
-- Name: auth_group_permissions auth_group_permissions_group_id_permission_id_0cd325b0_uniq; Type: CONSTRAINT; Schema: public; Owner: admin
--

ALTER TABLE ONLY public.auth_group_permissions
    ADD CONSTRAINT auth_group_permissions_group_id_permission_id_0cd325b0_uniq UNIQUE (group_id, permission_id);


--
-- Name: auth_group_permissions auth_group_permissions_pkey; Type: CONSTRAINT; Schema: public; Owner: admin
--

ALTER TABLE ONLY public.auth_group_permissions
    ADD CONSTRAINT auth_group_permissions_pkey PRIMARY KEY (id);


--
-- Name: auth_group auth_group_pkey; Type: CONSTRAINT; Schema: public; Owner: admin
--

ALTER TABLE ONLY public.auth_group
    ADD CONSTRAINT auth_group_pkey PRIMARY KEY (id);


--
-- Name: auth_permission auth_permission_content_type_id_codename_01ab375a_uniq; Type: CONSTRAINT; Schema: public; Owner: admin
--

ALTER TABLE ONLY public.auth_permission
    ADD CONSTRAINT auth_permission_content_type_id_codename_01ab375a_uniq UNIQUE (content_type_id, codename);


--
-- Name: auth_permission auth_permission_pkey; Type: CONSTRAINT; Schema: public; Owner: admin
--

ALTER TABLE ONLY public.auth_permission
    ADD CONSTRAINT auth_permission_pkey PRIMARY KEY (id);


--
-- Name: auth_user_groups auth_user_groups_pkey; Type: CONSTRAINT; Schema: public; Owner: admin
--

ALTER TABLE ONLY public.auth_user_groups
    ADD CONSTRAINT auth_user_groups_pkey PRIMARY KEY (id);


--
-- Name: auth_user_groups auth_user_groups_user_id_group_id_94350c0c_uniq; Type: CONSTRAINT; Schema: public; Owner: admin
--

ALTER TABLE ONLY public.auth_user_groups
    ADD CONSTRAINT auth_user_groups_user_id_group_id_94350c0c_uniq UNIQUE (user_id, group_id);


--
-- Name: auth_user auth_user_pkey; Type: CONSTRAINT; Schema: public; Owner: admin
--

ALTER TABLE ONLY public.auth_user
    ADD CONSTRAINT auth_user_pkey PRIMARY KEY (id);


--
-- Name: auth_user_user_permissions auth_user_user_permissions_pkey; Type: CONSTRAINT; Schema: public; Owner: admin
--

ALTER TABLE ONLY public.auth_user_user_permissions
    ADD CONSTRAINT auth_user_user_permissions_pkey PRIMARY KEY (id);


--
-- Name: auth_user_user_permissions auth_user_user_permissions_user_id_permission_id_14a6b632_uniq; Type: CONSTRAINT; Schema: public; Owner: admin
--

ALTER TABLE ONLY public.auth_user_user_permissions
    ADD CONSTRAINT auth_user_user_permissions_user_id_permission_id_14a6b632_uniq UNIQUE (user_id, permission_id);


--
-- Name: auth_user auth_user_username_key; Type: CONSTRAINT; Schema: public; Owner: admin
--

ALTER TABLE ONLY public.auth_user
    ADD CONSTRAINT auth_user_username_key UNIQUE (username);


--
-- Name: cart_category cart_category_name_key; Type: CONSTRAINT; Schema: public; Owner: admin
--

ALTER TABLE ONLY public.cart_category
    ADD CONSTRAINT cart_category_name_key UNIQUE (name);


--
-- Name: cart_category cart_category_pkey; Type: CONSTRAINT; Schema: public; Owner: admin
--

ALTER TABLE ONLY public.cart_category
    ADD CONSTRAINT cart_category_pkey PRIMARY KEY (id);


--
-- Name: cart_category cart_category_slug_key; Type: CONSTRAINT; Schema: public; Owner: admin
--

ALTER TABLE ONLY public.cart_category
    ADD CONSTRAINT cart_category_slug_key UNIQUE (slug);


--
-- Name: cart_product cart_product_pkey; Type: CONSTRAINT; Schema: public; Owner: admin
--

ALTER TABLE ONLY public.cart_product
    ADD CONSTRAINT cart_product_pkey PRIMARY KEY (id);


--
-- Name: cart_product cart_product_slug_key; Type: CONSTRAINT; Schema: public; Owner: admin
--

ALTER TABLE ONLY public.cart_product
    ADD CONSTRAINT cart_product_slug_key UNIQUE (slug);


--
-- Name: django_admin_log django_admin_log_pkey; Type: CONSTRAINT; Schema: public; Owner: admin
--

ALTER TABLE ONLY public.django_admin_log
    ADD CONSTRAINT django_admin_log_pkey PRIMARY KEY (id);


--
-- Name: django_content_type django_content_type_app_label_model_76bd3d3b_uniq; Type: CONSTRAINT; Schema: public; Owner: admin
--

ALTER TABLE ONLY public.django_content_type
    ADD CONSTRAINT django_content_type_app_label_model_76bd3d3b_uniq UNIQUE (app_label, model);


--
-- Name: django_content_type django_content_type_pkey; Type: CONSTRAINT; Schema: public; Owner: admin
--

ALTER TABLE ONLY public.django_content_type
    ADD CONSTRAINT django_content_type_pkey PRIMARY KEY (id);


--
-- Name: django_migrations django_migrations_pkey; Type: CONSTRAINT; Schema: public; Owner: admin
--

ALTER TABLE ONLY public.django_migrations
    ADD CONSTRAINT django_migrations_pkey PRIMARY KEY (id);


--
-- Name: django_session django_session_pkey; Type: CONSTRAINT; Schema: public; Owner: admin
--

ALTER TABLE ONLY public.django_session
    ADD CONSTRAINT django_session_pkey PRIMARY KEY (session_key);


--
-- Name: auth_group_name_a6ea08ec_like; Type: INDEX; Schema: public; Owner: admin
--

CREATE INDEX auth_group_name_a6ea08ec_like ON public.auth_group USING btree (name varchar_pattern_ops);


--
-- Name: auth_group_permissions_group_id_b120cbf9; Type: INDEX; Schema: public; Owner: admin
--

CREATE INDEX auth_group_permissions_group_id_b120cbf9 ON public.auth_group_permissions USING btree (group_id);


--
-- Name: auth_group_permissions_permission_id_84c5c92e; Type: INDEX; Schema: public; Owner: admin
--

CREATE INDEX auth_group_permissions_permission_id_84c5c92e ON public.auth_group_permissions USING btree (permission_id);


--
-- Name: auth_permission_content_type_id_2f476e4b; Type: INDEX; Schema: public; Owner: admin
--

CREATE INDEX auth_permission_content_type_id_2f476e4b ON public.auth_permission USING btree (content_type_id);


--
-- Name: auth_user_groups_group_id_97559544; Type: INDEX; Schema: public; Owner: admin
--

CREATE INDEX auth_user_groups_group_id_97559544 ON public.auth_user_groups USING btree (group_id);


--
-- Name: auth_user_groups_user_id_6a12ed8b; Type: INDEX; Schema: public; Owner: admin
--

CREATE INDEX auth_user_groups_user_id_6a12ed8b ON public.auth_user_groups USING btree (user_id);


--
-- Name: auth_user_user_permissions_permission_id_1fbb5f2c; Type: INDEX; Schema: public; Owner: admin
--

CREATE INDEX auth_user_user_permissions_permission_id_1fbb5f2c ON public.auth_user_user_permissions USING btree (permission_id);


--
-- Name: auth_user_user_permissions_user_id_a95ead1b; Type: INDEX; Schema: public; Owner: admin
--

CREATE INDEX auth_user_user_permissions_user_id_a95ead1b ON public.auth_user_user_permissions USING btree (user_id);


--
-- Name: auth_user_username_6821ab7c_like; Type: INDEX; Schema: public; Owner: admin
--

CREATE INDEX auth_user_username_6821ab7c_like ON public.auth_user USING btree (username varchar_pattern_ops);


--
-- Name: cart_category_name_d7c388fb_like; Type: INDEX; Schema: public; Owner: admin
--

CREATE INDEX cart_category_name_d7c388fb_like ON public.cart_category USING btree (name varchar_pattern_ops);


--
-- Name: cart_category_slug_bad28104_like; Type: INDEX; Schema: public; Owner: admin
--

CREATE INDEX cart_category_slug_bad28104_like ON public.cart_category USING btree (slug varchar_pattern_ops);


--
-- Name: cart_product_category_id_9c9d42c0; Type: INDEX; Schema: public; Owner: admin
--

CREATE INDEX cart_product_category_id_9c9d42c0 ON public.cart_product USING btree (category_id);


--
-- Name: cart_product_slug_cfab6b2f_like; Type: INDEX; Schema: public; Owner: admin
--

CREATE INDEX cart_product_slug_cfab6b2f_like ON public.cart_product USING btree (slug varchar_pattern_ops);


--
-- Name: django_admin_log_content_type_id_c4bce8eb; Type: INDEX; Schema: public; Owner: admin
--

CREATE INDEX django_admin_log_content_type_id_c4bce8eb ON public.django_admin_log USING btree (content_type_id);


--
-- Name: django_admin_log_user_id_c564eba6; Type: INDEX; Schema: public; Owner: admin
--

CREATE INDEX django_admin_log_user_id_c564eba6 ON public.django_admin_log USING btree (user_id);


--
-- Name: django_session_expire_date_a5c62663; Type: INDEX; Schema: public; Owner: admin
--

CREATE INDEX django_session_expire_date_a5c62663 ON public.django_session USING btree (expire_date);


--
-- Name: django_session_session_key_c0390e0f_like; Type: INDEX; Schema: public; Owner: admin
--

CREATE INDEX django_session_session_key_c0390e0f_like ON public.django_session USING btree (session_key varchar_pattern_ops);


--
-- Name: auth_group_permissions auth_group_permissio_permission_id_84c5c92e_fk_auth_perm; Type: FK CONSTRAINT; Schema: public; Owner: admin
--

ALTER TABLE ONLY public.auth_group_permissions
    ADD CONSTRAINT auth_group_permissio_permission_id_84c5c92e_fk_auth_perm FOREIGN KEY (permission_id) REFERENCES public.auth_permission(id) DEFERRABLE INITIALLY DEFERRED;


--
-- Name: auth_group_permissions auth_group_permissions_group_id_b120cbf9_fk_auth_group_id; Type: FK CONSTRAINT; Schema: public; Owner: admin
--

ALTER TABLE ONLY public.auth_group_permissions
    ADD CONSTRAINT auth_group_permissions_group_id_b120cbf9_fk_auth_group_id FOREIGN KEY (group_id) REFERENCES public.auth_group(id) DEFERRABLE INITIALLY DEFERRED;


--
-- Name: auth_permission auth_permission_content_type_id_2f476e4b_fk_django_co; Type: FK CONSTRAINT; Schema: public; Owner: admin
--

ALTER TABLE ONLY public.auth_permission
    ADD CONSTRAINT auth_permission_content_type_id_2f476e4b_fk_django_co FOREIGN KEY (content_type_id) REFERENCES public.django_content_type(id) DEFERRABLE INITIALLY DEFERRED;


--
-- Name: auth_user_groups auth_user_groups_group_id_97559544_fk_auth_group_id; Type: FK CONSTRAINT; Schema: public; Owner: admin
--

ALTER TABLE ONLY public.auth_user_groups
    ADD CONSTRAINT auth_user_groups_group_id_97559544_fk_auth_group_id FOREIGN KEY (group_id) REFERENCES public.auth_group(id) DEFERRABLE INITIALLY DEFERRED;


--
-- Name: auth_user_groups auth_user_groups_user_id_6a12ed8b_fk_auth_user_id; Type: FK CONSTRAINT; Schema: public; Owner: admin
--

ALTER TABLE ONLY public.auth_user_groups
    ADD CONSTRAINT auth_user_groups_user_id_6a12ed8b_fk_auth_user_id FOREIGN KEY (user_id) REFERENCES public.auth_user(id) DEFERRABLE INITIALLY DEFERRED;


--
-- Name: auth_user_user_permissions auth_user_user_permi_permission_id_1fbb5f2c_fk_auth_perm; Type: FK CONSTRAINT; Schema: public; Owner: admin
--

ALTER TABLE ONLY public.auth_user_user_permissions
    ADD CONSTRAINT auth_user_user_permi_permission_id_1fbb5f2c_fk_auth_perm FOREIGN KEY (permission_id) REFERENCES public.auth_permission(id) DEFERRABLE INITIALLY DEFERRED;


--
-- Name: auth_user_user_permissions auth_user_user_permissions_user_id_a95ead1b_fk_auth_user_id; Type: FK CONSTRAINT; Schema: public; Owner: admin
--

ALTER TABLE ONLY public.auth_user_user_permissions
    ADD CONSTRAINT auth_user_user_permissions_user_id_a95ead1b_fk_auth_user_id FOREIGN KEY (user_id) REFERENCES public.auth_user(id) DEFERRABLE INITIALLY DEFERRED;


--
-- Name: cart_product cart_product_category_id_9c9d42c0_fk_cart_category_id; Type: FK CONSTRAINT; Schema: public; Owner: admin
--

ALTER TABLE ONLY public.cart_product
    ADD CONSTRAINT cart_product_category_id_9c9d42c0_fk_cart_category_id FOREIGN KEY (category_id) REFERENCES public.cart_category(id) DEFERRABLE INITIALLY DEFERRED;


--
-- Name: django_admin_log django_admin_log_content_type_id_c4bce8eb_fk_django_co; Type: FK CONSTRAINT; Schema: public; Owner: admin
--

ALTER TABLE ONLY public.django_admin_log
    ADD CONSTRAINT django_admin_log_content_type_id_c4bce8eb_fk_django_co FOREIGN KEY (content_type_id) REFERENCES public.django_content_type(id) DEFERRABLE INITIALLY DEFERRED;


--
-- Name: django_admin_log django_admin_log_user_id_c564eba6_fk_auth_user_id; Type: FK CONSTRAINT; Schema: public; Owner: admin
--

ALTER TABLE ONLY public.django_admin_log
    ADD CONSTRAINT django_admin_log_user_id_c564eba6_fk_auth_user_id FOREIGN KEY (user_id) REFERENCES public.auth_user(id) DEFERRABLE INITIALLY DEFERRED;


--
-- PostgreSQL database dump complete
--

\unrestrict EcWjrnOMoe3Tt5sr2FAJLhpFaPMIkRIdKXJApSCLXXNG4aebTb8Y1h3WuvLZCST

